,5359,5370,5361,5363,5364,5365,5366,5367,5368
사랑,0.61,,0.01,0.02,0.18,0.07,0.04,0.06,0.02
보다,0.13,0.09,0.09,0.07,0.17,0.16,0.14,0.09,0.06
없다,0.1,0.03,0.11,0.02,0.21,0.17,0.2,0.09,0.07
되다,0.15,0.09,0.2,0.11,0.14,0.15,0.04,0.06,0.07
내다,0.23,0.05,0.07,0.1,0.18,0.15,0.05,0.09,0.08
love,0.64,0.03,0.06,0.02,0.03,0.07,0.03,0.07,0.04
아름답다,0.74,,,0.12,0.04,,,0.08,0.01
같다,0.18,0.05,0.06,0.09,0.22,0.13,0.13,0.05,0.09
좋다,0.28,0.07,0.08,0.3,0.05,0.08,0.03,0.09,0.03
사랑해,0.78,,,,0.05,0.05,,0.05,0.08
마음,0.27,0.05,0.04,0.1,0.33,,0.09,0.07,0.04
곁,0.51,,,0.04,0.14,0.04,0.12,0.12,0.02
oh,0.24,0.28,0.09,0.05,0.03,0.18,0.04,0.02,0.07
맘,0.26,0.05,0.05,0.05,0.27,0.08,0.07,0.09,0.07
눈,0.22,0.07,0.16,0.1,0.15,0.12,0.08,0.05,0.05
걸다,0.13,0.09,0.13,0.05,0.2,0.13,0.13,0.06,0.06
예쁘다,0.8,0.09,,0.07,,,,0.04,
안다,0.78,,,,0.13,,,0.04,0.04
오다,0.21,0.12,0.11,0.06,0.15,0.1,0.12,0.11,0.02
손,0.33,0.11,0.1,0.07,0.1,0.12,0.03,0.03,0.1
가슴,0.25,0.06,0.03,0.02,0.28,0.06,0.11,0.11,0.06
girl,0.66,0.11,,0.07,0.07,0.09,,,
이제,0.13,0.05,0.09,0.04,0.24,0.19,0.07,0.15,0.03
세상,0.2,0.12,0.13,0.13,0.13,0.1,0.05,0.07,0.07
행복,0.17,0.04,0.04,0.48,0.09,0.07,0.06,0.05,
줄다,0.46,0.11,,0.12,,0.16,0.05,,0.09
모르다,0.1,0.09,0.1,0.06,0.39,0.1,0.03,0.06,0.07
지키다,0.78,,0.19,,,,,0.03,
좋아하다,0.86,,,0.07,,,,,0.07
위하다,0.3,0.1,0.16,0.13,0.11,0.08,,0.06,0.05
밤,0.11,0.4,0.06,0.06,0.1,0.04,0.14,0.01,0.08
품,0.83,,,0.07,,,,0.1,
너를 사랑해,1,,,,,,,,
미치다,0.23,0.31,0.05,0.03,0.05,0.17,0.02,0.13,
너에게,0.37,,0.07,0.15,0.1,0.12,0.08,0.03,0.07
baby,0.19,0.25,0.11,0.05,0.06,0.15,0.07,0.07,0.05
입술,0.73,,,,0.13,0.13,,,
시간,0.11,0.11,0.12,0.08,0.18,0.1,0.08,0.15,0.07
생각,0.12,0.06,0.11,0.05,0.17,0.2,0.07,0.14,0.08
사랑은,0.5,,,,0.29,,0.14,0.07,
고백,0.87,,,,0.09,,,0.04,
영원,0.74,0.11,,0.07,,,,,0.07
맞추다,0.51,0.3,,0.11,,0.08,,,
고맙다,0.66,,,0.07,0.07,,0.03,0.17,
내 사랑,0.63,,,,0.13,,0.07,0.07,0.1
입,0.39,0.07,0.07,0.09,0.13,0.26,,,
하늘,0.21,0.22,0.15,0.21,0.09,,0.03,0.03,0.06
심장,0.38,0.15,,,0.23,0.11,,,0.13
느끼다,0.27,0.13,0.11,0.05,0.13,0.08,0.15,0.02,0.06
만나다,0.17,0.04,,0.15,0.21,0.16,0.13,0.1,0.05
yeah,0.12,0.44,0.15,0.07,0.03,0.11,0.01,,0.07
믿다,0.18,,0.24,0.09,0.13,0.19,0.02,0.08,0.08
기억,0.09,0.03,0.05,0.01,0.1,0.06,0.06,0.53,0.07
모습,0.12,0.04,0.06,0.09,0.27,0.08,0.15,0.16,0.03
사랑해요,0.71,,,,0.1,,,0.19,
이유,0.33,0.07,,0.05,0.14,0.19,0.17,,0.05
안기다,0.7,,,0.15,,,,0.15,
빠지다,0.45,0.29,,,,0.13,,0.06,0.06
웃다,0.08,0.03,0.03,0.43,0.25,0.04,0.06,0.06,0.01
너와 나,0.27,0.19,,0.06,0.15,0.19,0.12,0.02,
다가오다,0.54,0.12,0.12,,0.08,,,,0.12
전부,0.54,,,,,0.21,0.08,0.17,
숨기다,0.41,,,0.06,0.09,0.16,0.12,,0.16
beautiful,1,,,,,,,,
여자,0.33,0.17,0.1,,0.1,0.23,0.07,,
내리다,0.21,0.09,0.21,0.14,0.1,0.05,0.05,0.1,0.05
꿈,0.07,0.04,0.6,0.04,0.04,0.08,0.07,0.02,0.06
순간,0.15,0.1,0.11,0.18,0.18,0.1,0.08,0.06,0.04
바라보다,0.34,,,0.14,0.23,,0.2,0.03,0.06
운명,0.8,,,,0.2,,,,
미소,0.34,,,0.16,0.12,,0.25,0.12,
사랑해 사랑해,0.92,,,,,,,0.08,
변하다,0.16,0.06,0.14,0.03,0.16,0.13,0.06,0.17,0.1
감다,0.31,,0.11,0.09,0.11,0.14,0.11,0.09,0.03
기다리다,0.2,,,0.07,0.24,0.09,0.13,0.24,0.04
안고,0.73,,,,,,0.2,0.07,
노래,0.1,0.53,0.06,0.08,0.08,0.09,0.03,0.03,
부르다,0.13,0.36,0.07,0.05,0.13,0.07,0.04,0.11,0.05
감사,1,,,,,,,,
제일,0.62,,,0.25,,,,0.12,
너만이,0.91,,,,,,0.09,,
아끼다,1,,,,,,,,
잊다,0.05,0.04,0.05,0.05,0.52,0.03,0.07,0.19,0.02
약속,0.34,,,0.1,0.1,0.21,0.03,0.17,0.03
make,0.4,0.28,0.2,,,0.08,,,0.04
사랑이란,1,,,,,,,,
처음,0.24,,0.2,,0.17,0.07,0.07,0.15,0.1
아프다,0.06,,,,0.62,0.06,0.03,0.18,0.05
살아가다,0.32,,0.14,0.07,0.11,0.11,,0.07,0.18
향하다,0.23,0.21,0.31,0.13,0.08,,0.03,,0.03
받다,0.13,0.04,0.13,0.04,0.18,0.31,0.07,,0.09
친구,0.12,0.24,0.17,0.07,0.08,0.22,0.06,0.04,
나오다,0.13,0.33,0.09,0.1,0.13,0.14,0.06,,0.01
u,0.21,0.16,0.19,0.19,,0.26,,,
마지막,0.17,0.15,0.11,0.04,0.17,0.11,0.11,0.13,
남다,0.14,,0.05,,0.14,0.05,0.23,0.33,0.05
설레다,0.88,,,0.12,,,,,
눈물,,,,,0.79,0.02,0.02,0.09,0.03
뛰다,0.19,0.64,0.12,,,,,0.05,
빛,0.17,0.15,0.27,0.06,0.1,,0.08,0.04,0.12
푸른,0.57,0.29,,0.14,,,,,
바람,0.12,0.2,0.05,0.17,0.09,0.08,0.12,0.08,0.08
햇살,0.33,,,0.5,0.17,,,,
들다,0.07,0.2,0.14,0.16,0.1,0.19,0.07,0.03,0.05
사이,0.24,0.12,,0.06,0.18,0.24,0.06,0.09,
빛나다,0.32,,0.16,0.44,,,,,0.08
닿다,0.33,,0.21,0.08,0.17,,,0.08,0.12
대만,0.57,,,,,,,0.43,
목소리,0.22,0.08,0.08,,0.24,0.11,0.11,0.03,0.14
try,0.88,,,,,,,,0.12
맞다,0.15,0.09,0.13,0.21,0.11,0.17,0.06,,0.09
후회,0.1,,0.06,0.04,0.35,0.14,0.07,0.13,0.1
바다,0.13,0.68,,0.19,,,,,
바라다,0.23,,,0.4,0.1,,0.17,0.03,0.07
좋은 날,0.78,,,0.22,,,,,
깊다,0.23,0.17,0.13,,0.2,,0.1,0.07,0.1
향기,0.41,,,0.24,,,,0.35,
느낌,0.33,0.38,,0.1,,,0.19,,
지나다,0.08,0.06,0.06,0.11,0.2,0.04,0.11,0.3,0.05
사실,0.21,,0.21,0.15,0.09,,0.09,0.03,0.21
반하다,1,,,,,,,,
별,0.24,0.34,0.1,0.14,,,0.1,0.07,
달빛,0.5,0.21,,0.21,,,0.07,,
겨울,0.35,0.15,0.15,0.25,,,0.1,,
속삭이다,1,,,,,,,,
필요,0.14,0.16,0.14,0.12,0.06,0.32,0.06,,
kiss,1,,,,,,,,
원하다,0.15,0.1,0.4,0.17,0.04,0.06,0.04,,0.04
게로,0.47,,,,,,,0.27,0.27
집,0.1,0.19,0.14,0.1,0.08,0.17,0.17,0.05,
존재,0.75,,,,,,,,0.25
아침,0.12,0.12,,0.42,0.06,0.06,0.12,0.04,0.04
힘들다,0.05,,0.11,0.07,0.59,0.03,0.1,0.01,0.04
삶,0.12,,0.37,0.08,0.06,0.06,0.08,,0.22
채우다,0.22,0.15,0.11,,0.07,,0.37,,0.07
끝,0.06,0.11,0.16,0.04,0.19,0.17,0.11,0.06,0.11
비추다,0.43,0.43,,0.14,,,,,
기분,0.1,0.22,0.07,0.34,,0.2,0.07,,
모자라다,0.46,,,,0.38,,,,0.15
참다,0.12,,,,0.29,0.33,0.08,0.08,0.1
평생,0.43,,,,0.21,0.36,,,
힘,0.17,,0.31,0.11,0.14,0.08,0.11,0.08,
ye,0.23,0.77,,,,,,,
떨리다,0.6,,,,0.3,,,0.1,
예뻐,1,,,,,,,,
그날,0.25,,,,0.21,,,0.54,
아무도,0.14,0.23,0.21,,0.12,,0.23,,0.07
hey,0.15,0.65,0.07,0.05,,0.07,,,
로맨틱,1,,,,,,,,
잠,0.16,,0.26,0.29,,0.16,0.08,0.05,
소리,0.1,0.47,0.05,0.07,0.07,0.09,0.09,,0.07
엄지,1,,,,,,,,
고마워요,1,,,,,,,,
묻다,0.14,0.09,0.16,0.05,0.19,0.23,0.07,0.07,
보내다,0.07,0.05,0.07,0.04,0.24,,0.21,0.27,0.05
할거,0.75,,,,,,,0.12,0.12
bye,0.38,0.25,,0.12,,0.19,,0.06,
감싸다,0.55,,,,0.27,,,,0.18
가지다,0.15,,0.2,0.12,0.12,0.12,0.12,0.07,0.1
기쁘다,0.56,,,0.44,,,,,
떠나다,0.04,0.07,,0.08,0.22,0.06,0.36,0.14,0.04
기대다,0.56,,,0.22,,,0.22,,
벅차다,1,,,,,,,,
서다,0.12,0.1,0.15,0.07,0.12,0.15,0.23,,0.05
시작,0.1,0.15,0.31,0.08,0.15,0.1,0.04,0.02,0.04
아래,0.26,0.37,,0.37,,,,,
대답,0.31,,,,,0.25,0.31,,0.12
울다,0.04,,,0.02,0.7,0.03,0.1,0.09,0.02
멋지다,0.19,0.15,0.22,0.41,,,,0.04,
가슴속,0.56,,,,,,0.22,,0.22
지내다,0.16,,0.1,0.1,0.19,,0.1,0.35,
끝나다,0.14,0.14,0.16,0.14,0.22,0.14,0.08,,
추억,0.05,0.04,,,0.13,0.03,0.12,0.57,0.06
크다,0.09,0.3,0.23,0.07,0.12,0.07,0.04,0.04,0.05
밖,0.31,,0.31,0.12,,0.19,,0.06,
sweet,1,,,,,,,,
꽃,0.22,0.13,,0.39,0.17,,,0.09,
위,0.05,0.45,0.28,0.09,0.06,0.04,0.02,,0.01
바래다,0.11,0.11,0.24,0.07,0.07,0.07,0.11,0.22,
애인,1,,,,,,,,
걱정,0.08,0.16,0.18,0.23,0.28,,0.03,0.03,
걷다,0.06,0.12,0.23,0.06,0.11,,0.28,0.06,0.07
night,0.14,0.56,0.06,0.11,,,0.06,0.06,0.03
취하다,0.12,0.25,0.07,,0.38,0.05,0.07,0.05,
담다,0.19,,0.26,,0.15,,0.19,0.22,
머무르다,0.5,,,0.2,,,0.2,,0.1
최고,0.62,,0.38,,,,,,
터지다,0.28,0.28,0.17,0.17,0.11,,,,
come,0.28,0.39,0.17,,,0.17,,,
진심,0.42,,,,0.33,0.25,,,
죽다,0.08,0.05,0.2,,0.23,0.27,0.05,0.08,0.05
두다,0.13,,,,0.21,0.37,0.05,0.24,
주다,0.71,,,0.29,,,,,
그림,0.57,,,0.43,,,,,
고민,0.24,,0.41,0.18,,0.18,,,
듣다,0.07,0.13,0.11,0.06,0.07,0.31,0.04,0.13,0.07
인연,0.5,,,,0.5,,,,
짓다,0.22,0.28,,0.28,,0.22,,,
대신,0.33,,0.33,,,,,0.17,0.17
쉬다,0.08,0.18,0.12,0.29,0.12,0.08,0.08,,0.04
눈부시다,0.27,,,0.53,,,,0.2,
혼자,0.03,,0.05,0.05,0.13,0.05,0.58,0.05,0.07
사라지다,0.08,0.12,,,0.22,0.12,0.18,0.08,0.18
꾸다,0.1,0.12,0.64,0.07,,,,,0.07
이상,0.08,,0.09,0.09,0.15,0.42,0.15,0.02,
열리다,0.36,0.45,,0.18,,,,,
슬픔,0.11,,,,0.57,,0.08,0.19,0.05
멀다,0.05,,0.1,0.07,0.1,,0.46,0.15,0.06
웃음,0.12,0.09,,0.59,0.09,0.09,,,
흐르다,0.09,0.06,,0.04,0.43,,0.04,0.28,0.06
day,0.1,0.28,0.08,0.23,,0.13,0.1,0.08,
피하다,,,,,0.31,,,0.15,0.23
babe,0.36,0.64,,,,,,,
따르다,0.17,0.48,0.13,0.22,,,,,
설레임,1,,,,,,,,
이번,0.5,,,,,0.5,,,
떠올리다,0.5,,,,,,0.25,0.25,
헤어지다,0.06,,,,0.69,0.09,0.07,0.04,0.06
쓰다,0.07,0.13,0.25,0.07,0.16,0.2,0.02,0.05,0.04
봄이,0.67,,,0.33,,,,,
바꾸다,0.44,,0.22,,,0.33,,,
너 때문에,1,,,,,,,,
잠들다,0.27,0.27,,,,,0.33,0.13,
와도,1,,,,,,,,
변함없다,1,,,,,,,,
떠나가다,0.11,,,,0.14,,0.51,0.17,0.06
짧다,1,,,,,,,,
떨어지다,0.19,,,,0.29,0.14,0.19,0.19,
두렵다,0.07,,,0.03,,,0.03,0.02,0.89
누가,0.8,,,,,,,,0.2
놓치다,0.25,0.25,,,,,0.25,0.12,0.12
nothing,1,,,,,,,,
better,0.4,,0.6,,,,,,
right,0.15,0.58,0.12,,,,,,0.15
ha,0.36,0.36,,0.27,,,,,
아깝다,1,,,,,,,,
listen,1,,,,,,,,
want,0.27,,,0.13,,0.4,0.07,0.13,
잔,0.57,0.43,,,,,,,
하얗다,0.57,,,0.29,,,,,
하네,0.44,,,,0.33,,,0.22,
뒤돌다,0.44,,,0.22,,,0.33,,
흔하다,0.5,,,,0.5,,,,
내사랑,0.8,,,,,,,,
가깝다,1,,,,,,,,
전하다,0.57,0.43,,,,,,,
눈빛,0.14,,,0.11,0.21,0.11,0.25,0.04,0.14
이루다,0.19,,0.62,0.14,,,,0.05,
뜨겁다,0.17,0.67,0.17,,,,,,
나누다,0.31,,,0.46,,,0.15,0.08,
인생,0.06,0.19,0.36,0.11,0.04,0.1,0.07,,0.07
손가락,1,,,,,,,,
떡,0.22,,0.22,,0.33,,0.17,,0.06
키스,1,,,,,,,,
끌리다,1,,,,,,,,
손잡다,0.67,,,0.33,,,,,
감추다,0.57,,,,0.43,,,,
뒤,0.07,0.12,0.22,,0.2,0.22,0.07,0.05,0.05
깨다,0.1,,0.46,0.1,,0.1,0.18,0.03,0.03
fall,1,,,,,,,,
늦다,0.11,0.08,0.08,0.06,,0.31,0.08,0.22,0.06
라고,0.22,,0.17,,0.17,0.22,0.11,0.11,
진정,0.67,,,,,,,,0.33
빠,0.67,,,,,,,0.33,
anymore,1,,,,,,,,
흔들다,0.12,0.67,,,0.08,0.12,,,
끊다,1,,,,,,,,
비,0.08,,0.08,0.17,0.28,0.11,0.14,0.14,
가르치다,0.75,,,,,,,0.25,
달려가다,0.2,0.73,,,,,,0.07,
어둠,0.07,0.09,,0.07,,,0.16,0.05,0.56
환하다,0.3,,,0.7,,,,,
태양,0.21,0.29,0.21,0.29,,,,,
돌리다,0.16,0.16,,,0.32,0.16,0.11,0.11,
꾸미다,1,,,,,,,,
쉽다,0.09,,0.29,0.06,0.29,0.15,,0.12,
아픔,0.09,,,,0.73,,,0.18,
날아가다,0.18,0.41,,0.12,,,,0.18,0.12
every,0.2,,0.2,0.27,,0.2,0.07,0.07,
고개,0.18,,0.18,0.12,0.41,,,,0.12
수줍다,1,,,,,,,,
신경,0.17,0.28,0.17,,0.17,0.22,,,
내려오다,1,,,,,,,,
봄,0.5,,,0.33,,,,0.17,
시선,0.38,,,,,0.38,0.25,,
지치다,0.05,0.09,0.05,0.03,0.59,0.09,0.05,0.03,0.03
구름,0.5,,,0.33,,,0.17,,
지우다,0.04,,,,0.53,0.05,0.05,0.23,0.09
잃다,0.06,,0.16,,0.36,0.12,0.06,,0.24
기도,0.23,,,,,0.46,,,0.31
외롭다,0.04,,,0.06,0.06,,0.78,,0.05
바람결,1,,,,,,,,
wanna,0.14,0.19,0.24,,,0.24,,,0.19
강하다,0.43,,0.57,,,,,,
let,0.08,0.51,0.18,0.08,,,0.08,,0.08
달리다,0.05,0.65,0.24,0.05,,,,,
막다,0.16,,0.16,,,0.63,,,0.05
짜다,1,,,,,,,,
사방,1,,,,,,,,
불,0.13,0.61,0.17,,,,0.09,,
밝히다,0.38,,,0.5,,,,,0.12
트리,1,,,,,,,,
like,0.06,0.44,0.34,0.04,,0.08,,,0.04
술,0.05,0.25,,,0.49,0.07,0.05,0.1,
몸,0.06,0.49,0.1,0.1,0.14,0.06,,,0.06
타다,0.09,0.42,0.15,0.15,,0.12,0.06,,
장면,1,,,,,,,,
치다,0.06,0.28,0.1,0.08,0.12,0.3,,,0.06
이쁘다,1,,,,,,,,
이야기,0.25,,0.33,0.25,,,,,0.17
이대로,0.75,,,,,,,0.25,
연인,0.75,,,,,,0.25,,
사랑으로,0.43,,,,0.29,,,0.29,
물,0.19,0.31,,0.12,0.12,0.25,,,
두근거리다,1,,,,,,,,
선물,0.33,,,0.22,0.33,,,0.11,
찾아오다,0.25,,,0.17,0.17,,0.17,,0.25
깨우다,0.27,0.45,,,,,,,0.27
돌다,0.11,0.11,0.14,0.07,0.18,,0.14,0.21,0.04
더 가까이,1,,,,,,,,
시리다,0.23,,,,0.31,,0.23,0.08,0.15
together,1,,,,,,,,
서서,0.38,,,,0.38,,0.25,,
입맞춤,1,,,,,,,,
일,0.04,0.12,0.28,0.12,0.12,0.13,0.09,0.05,0.05
간직,0.6,,,,0.4,,,,
mellow,1,,,,,,,,
달,0.13,0.3,,0.22,,,0.17,0.09,0.09
하나님,1,,,,,,,,
보고 싶다,1,,,,,,,,
슬프다,0.04,,,0.03,0.78,,0.08,0.04,0.03
비치다,0.14,,,0.24,0.48,,0.14,,
완벽,0.25,0.25,0.33,0.17,,,,,
부드럽다,0.5,,,0.33,,,,0.17,
맴돌다,0.33,,,,,,0.33,0.33,
머물다,0.43,,,,0.29,,0.29,,
안녕,0.18,,,0.18,0.65,,,,
boy,0.14,0.55,0.14,,0.18,,,,
엄마,0.17,,0.33,0.17,0.11,0.22,,,
바치다,1,,,,,,,,
늪,1,,,,,,,,
내 곁에 있어,1,,,,,,,,
절대,0.1,0.13,0.16,,0.06,0.55,,,
one,0.13,0.61,0.26,,,,,,
잃어버리다,0.25,,,,,,0.17,0.33,0.25
안아줘요,1,,,,,,,,
은혜,1,,,,,,,,
어머니,0.25,,,0.25,0.25,0.25,,,
사랑했는데,0.6,,,,,,,0.4,
예전,0.17,,0.17,0.11,0.17,,0.17,0.22,
know,0.09,0.2,0.31,0.11,,0.23,,,0.06
honey,1,,,,,,,,
sure,1,,,,,,,,
펼쳐지다,0.33,,,0.67,,,,,
죄다,1,,,,,,,,
달라,1,,,,,,,,
keep,0.17,0.42,0.42,,,,,,
문제,0.22,,0.33,,,0.44,,,
볼,1,,,,,,,,
방,0.07,,0.15,,,,0.52,,0.26
밤새,0.11,0.33,0.17,,0.22,,,0.17,
붙들다,1,,,,,,,,
땅,1,,,,,,,,
해바라기,1,,,,,,,,
um,0.25,,0.38,,,0.38,,,
파란,0.25,0.5,,0.25,,,,,
결국,1,,,,,,,,
기적,0.33,,0.67,,,,,,
계속,0.29,,0.71,,,,,,
놀랍다,1,,,,,,,,
공간,0.2,0.4,,,0.2,,0.1,,0.1
즐겁다,0.17,0.67,,0.17,,,,,
마음속,0.29,,,,,,,0.71,
괜찮아,0.05,0.08,,0.62,0.1,0.05,,0.1,
근대,1,,,,,,,,
부럽다,1,,,,,,,,
적시다,0.29,,,,0.43,,0.29,,
빗방울,1,,,,,,,,
오래되다,0.5,,,0.5,,,,,
수록,1,,,,,,,,
맑다,0.17,,,0.83,,,,,
해,0.07,0.3,,0.19,,0.15,0.11,0.19,
수도,1,,,,,,,,
lucky,1,,,,,,,,
rap,0.18,,0.55,,,0.27,,,
나서다,0.12,,0.19,0.12,0.38,,,0.19,
맹세,1,,,,,,,,
착하다,0.33,,,,,0.67,,,
키,0.33,,,,,,0.5,,0.17
거절,1,,,,,,,,
용서,0.12,,,,0.41,0.35,,0.12,
이서,0.33,0.67,,,,,,,
인사,0.29,,,0.43,0.29,,,,
숙이다,1,,,,,,,,
옷,0.29,,0.71,,,,,,
틈,0.67,,,,,,,,0.33
투명,0.5,,,0.5,,,,,
물들다,1,,,,,,,,
blossom,1,,,,,,,,
숨다,0.29,,,0.29,,,,0.14,0.29
피다,0.5,,,0.5,,,,,
ooh,1,,,,,,,,
스며들다,0.67,,,,,,,0.33,
변화,0.4,,,0.4,,,,,0.2
놀라다,0.25,0.75,,,,,,,
첨,1,,,,,,,,
데리다,0.33,,,0.33,,,0.33,,
불다,0.14,0.36,,0.14,,0.21,0.14,,
crazy,0.17,,0.33,,,0.42,,,0.08
call,0.22,,0.33,,,0.33,0.11,,
들키다,0.5,,,,,,0.5,,
다음,0.11,0.28,0.5,,,,,,0.11
높다,0.1,0.4,0.2,0.2,,,0.1,,
어제,0.08,0.12,0.19,0.12,0.27,,0.15,0.08,
피부,1,,,,,,,,
거울,0.09,,,,0.26,0.13,0.26,0.04,0.22
꽃잎,1,,,,,,,,
눈앞,0.4,,,,,,,,0.6
오오,0.33,0.67,,,,,,,
good,0.09,0.32,,0.55,,,,0.05,
outta,1,,,,,,,,
control,1,,,,,,,,
뒤집다,0.29,,0.57,,,,,,0.14
inside,1,,,,,,,,
nobody,0.67,,,,,,0.33,,
꿈속,1,,,,,,,,
밀려오다,1,,,,,,,,
파도,0.22,0.78,,,,,,,
전,0.05,0.23,0.28,,0.05,0.15,0.05,0.08,0.1
들어가다,0.4,0.6,,,,,,,
heart,0.67,,,,,,,,0.33
나야,1,,,,,,,,
always,0.18,,0.64,,,,0.09,,0.09
think,1,,,,,,,,
beat,0.4,0.6,,,,,,,
fly,0.08,0.68,0.24,,,,,,
dreaming,1,,,,,,,,
표현,0.5,,,0.5,,,,,
불만,1,,,,,,,,
romantic,1,,,,,,,,
팔다,0.14,0.29,0.29,,,0.29,,,
놀다,,0.96,,,,,0.04,,
la,,0.73,,,,,,,0.27
춤,,0.93,,0.07,,,,,
추다,,0.84,0.08,0.08,,,,,
party,,1,,,,,,,
dance,,1,,,,,,,
go,,0.38,0.39,0.05,,,0.06,0.02,0.11
라라,,0.62,0.12,0.26,,,,,
리듬,,1,,,,,,,
음악,,0.61,0.19,,,0.19,,,
신나다,,1,,,,,,,
나나,,0.57,,0.43,,,,,
즐기다,,1,,,,,,,
ya,,0.56,0.22,0.07,,0.15,,,
움직이다,,0.61,0.26,0.09,,,,,0.04
run,,0.52,0.37,,,,,,0.11
tonight,,1,,,,,,,
stop,,0.62,,,,0.29,,0.05,0.05
boom,,1,,,,,,,
여름,,0.93,,,,,,0.07,
get,,0.36,0.33,,,0.17,0.14,,
춤추다,,1,,,,,,,
랩,,0.46,0.31,,,0.23,,,
트로트,,1,,,,,,,
맡기다,,1,,,,,,,
지르다,,0.73,,,,0.27,,,
울리다,,0.55,,,0.3,,,,0.15
fire,,0.71,0.29,,,,,,
무대,,0.53,0.47,,,,,,
여기다,,0.67,,,,0.27,,0.07,
던지다,,0.91,,,,,0.09,,
틀다,,1,,,,,,,
박자,,1,,,,,,,
부비,,1,,,,,,,
아아,,1,,,,,,,
shake,,1,,,,,,,
time,,0.5,0.22,0.28,,,,,
이 노래,,0.9,,,,,,0.1,
back,,0.47,,,,0.42,0.05,,0.05
away,,0.43,,,,,0.29,0.24,0.05
say,,0.38,0.12,0.08,0.17,0.25,,,
livin,,1,,,,,,,
high,,0.36,0.48,,,0.12,,,0.04
yeh,,1,,,,,,,
새롭다,,0.6,0.27,0.13,,,,,
dan,,1,,,,,,,
맛,,0.53,,0.27,,0.13,0.07,,
ah,,0.44,,0.28,,,,,0.28
whoo,,1,,,,,,,
two,,0.73,0.27,,,,,,
타오르다,,1,,,,,,,
feel,,0.53,0.47,,,,,,
분위기,,1,,,,,,,
모이다,,1,,,,,,,
gon,,1,,,,,,,
magic,,1,,,,,,,
빼다,,0.35,0.35,,,0.2,0.1,,
birthday,,1,,,,,,,
summer,,1,,,,,,,
uh,,0.24,0.38,0.1,,0.17,,0.03,0.07
돈,,0.1,0.63,0.07,0.04,0.16,,,
조명,,0.88,,,,,,0.12,
형,,0.54,0.46,,,,,,
난나,,1,,,,,,,
follow,,1,,,,,,,
자리,,0.23,0.13,0.1,0.17,,0.1,0.2,0.07
drive,,0.7,,0.3,,,,,
날다,,0.64,0.36,,,,,,
wow,,1,,,,,,,
lady,,0.75,,0.25,,,,,
hot,,1,,,,,,,
everyday,,0.67,,,,0.33,,,
woo,,0.75,,,,,,,0.25
클럽,,1,,,,,,,
쇼,,1,,,,,,,
나가다,,0.3,0.25,,0.1,0.25,,,0.1
랄,,0.67,,0.33,,,,,
새벽,,0.5,,0.17,0.33,,,,
rock,,1,,,,,,,
shot,,0.75,,0.25,,,,,
자다,,0.32,,0.16,0.37,,0.16,,
비트,,1,,,,,,,
힙합,,0.43,0.57,,,,,,
띠다,,1,,,,,,,
리,,0.62,,,0.38,,,,
남,,0.17,0.1,0.07,0.14,0.28,0.07,0.17,
빠르다,,0.83,,,,,,,0.17
아무것,,0.11,0.07,,0.18,0.07,0.18,0.09,0.3
가자,,1,,,,,,,
넘다,,0.38,0.54,,,,,0.08,
챙기다,,0.45,0.36,0.18,,,,,
supermagic,,1,,,,,,,
dancing,,1,,,,,,,
갈래,,1,,,,,,,
한강,,1,,,,,,,
turn,,0.56,0.44,,,,,,
흥,,1,,,,,,,
Come on,,1,,,,,,,
라타,,1,,,,,,,
got,,0.25,0.75,,,,,,
다다,,1,,,,,,,
뭐,,0.56,,,,0.44,,,
wake,,1,,,,,,,
welcome,,1,,,,,,,
태우다,,0.62,,,0.38,,,,
날리다,,0.62,,,,0.38,,,
붐,,1,,,,,,,
radio,,1,,,,,,,
외치다,,0.45,0.27,,0.18,,,0.09,
dooli,,1,,,,,,,
차다,,0.5,0.3,,,,0.2,,
소리치다,,0.38,,,0.23,,,0.15,0.23
서울,,1,,,,,,,
마시다,,0.28,,,0.5,0.22,,,
만지다,,0.56,,,0.22,,,,0.22
alright,,0.33,0.58,,,,,0.08,
열다,,0.27,,0.2,0.53,,,,
비우다,,0.25,0.19,,0.31,,0.12,0.12,
얼음,,1,,,,,,,
열,,1,,,,,,,
발악,,1,,,,,,,
넘치다,,1,,,,,,,
파티,,1,,,,,,,
celebrate,,1,,,,,,,
따다,,1,,,,,,,
종일,,0.27,,0.2,0.13,,0.4,,
한잔,,0.22,0.17,0.11,0.17,,0.11,0.22,
식다,,0.5,,,,,0.5,,
오르다,,0.44,0.56,,,,,,
달아오르다,,1,,,,,,,
tell,,0.29,0.29,,,0.43,,,
차렷,,1,,,,,,,
붉다,,0.57,,0.43,,,,,
끼다,,0.4,,,,0.6,,,
style,,1,,,,,,,
풀리다,,0.4,,0.2,0.2,,0.2,,
댄스,,1,,,,,,,
열기,,1,,,,,,,
파라,,1,,,,,,,
fanfare,,1,,,,,,,
higher,,1,,,,,,,
jump,,1,,,,,,,
꺼지다,,0.17,,,,0.74,0.09,,
네온,,1,,,,,,,
시끄럽다,,0.57,0.43,,,,,,
take,,0.5,0.38,,,,,,0.12
tik,,1,,,,,,,
tok,,1,,,,,,,
da,,0.4,,,,,0.6,,
반복,,0.17,,0.09,,0.22,0.09,0.35,0.09
loud,,1,,,,,,,
이기다,,0.4,0.6,,,,,,
동네,,0.44,,0.56,,,,,
바퀴,,1,,,,,,,
싸다,,0.67,,0.33,,,,,
후,,0.25,,,0.31,0.19,0.12,0.12,
불태우다,,1,,,,,,,
rip,,1,,,,,,,
뚫다,,0.57,0.43,,,,,,
말리다,,0.57,,,,0.43,,,
높이다,,1,,,,,,,
멜로디,,1,,,,,,,
흥얼거리다,,1,,,,,,,
오우,,1,,,,,,,
shit,,0.5,,,,0.5,,,
신,,0.57,0.43,,,,,,
먹다,,0.11,0.21,0.18,0.16,0.21,0.08,,0.05
레오,,1,,,,,,,
step,,1,,,,,,,
주인공,,0.57,0.43,,,,,,
바라,,0.44,,0.22,,,0.33,,
도시,,0.57,0.43,,,,,,
올리다,,0.44,0.22,,,0.33,,,
여행,,0.5,,0.5,,,,,
어리다,,0.15,0.41,,0.15,,0.07,0.11,0.11
가리다,,0.19,0.24,,0.29,0.14,,0.05,0.1
바바,,1,,,,,,,
huh,,0.33,0.33,,,0.33,,,
붙다,,0.33,,0.22,,0.33,,,0.11
fantastic,,1,,,,,,,
이건,,0.1,0.27,,0.1,0.47,,,0.07
hit,,1,,,,,,,
music,,1,,,,,,,
쌓이다,,0.17,0.22,0.17,,0.17,0.06,,0.22
다니다,,0.5,,,,,0.33,0.17,
money,,0.43,0.57,,,,,,
pop,,0.3,0.3,,,0.4,,,
prr,,1,,,,,,,
mind,,0.6,,,,,0.2,,0.2
need,,0.6,,,,,,0.4,
mister,,1,,,,,,,
찍다,,0.2,0.4,,,0.4,,,
벗다,,1,,,,,,,
밤새다,,0.43,,0.29,0.29,,,,
건배,,1,,,,,,,
city,,1,,,,,,,
지구,,0.38,0.62,,,,,,
들어오다,,0.38,0.38,0.25,,,,,
시다,,1,,,,,,,
보니,,0.27,0.27,,0.27,,,,0.18
쏟아지다,,0.43,,,0.43,,,,0.14
탬버린,,1,,,,,,,
지나가다,,0.1,,0.13,0.13,,0.07,0.4,0.17
본능,,1,,,,,,,
당기다,,0.75,,,,,,,0.25
짜증,,0.5,,,,0.5,,,
left,,1,,,,,,,
마법,,1,,,,,,,
yes,,0.5,0.5,,,,,,
sir,,1,,,,,,,
펴다,,0.21,0.57,0.21,,,,,
feeling,,0.6,,0.4,,,,,
걸리다,,0.5,,,0.5,,,,
느리다,,0.6,,,0.4,,,,
yo,,0.5,0.5,,,,,,
가치,,0.5,0.5,,,,,,
모아,,1,,,,,,,
목,,0.5,0.5,,,,,,
em,,1,,,,,,,
burn,,1,,,,,,,
자유,,0.27,0.55,0.18,,,,,
들이대다,,1,,,,,,,
호랑나비,,1,,,,,,,
리듬파워,,1,,,,,,,
싫다,,0.02,0.11,,0.1,0.56,0.13,0.02,0.06
막차,,1,,,,,,,
들뜨다,,1,,,,,,,
long,,1,,,,,,,
moonlight,,1,,,,,,,
눈치,,0.3,,,,0.7,,,
여기저기,,1,,,,,,,
singing,,1,,,,,,,
야야,,1,,,,,,,
표정,,0.12,,0.12,0.28,0.16,0.12,0.04,0.16
까맣다,,0.25,,0.17,0.25,,,,0.33
light,,1,,,,,,,
문,,0.5,,0.33,,,,,0.17
속도,,1,,,,,,,
아이돌,,1,,,,,,,
멋쟁이,,0.6,,0.4,,,,,
맥주,,1,,,,,,,
감정,,0.12,,,0.25,0.29,0.17,0.08,0.08
곡,,0.43,0.57,,,,,,
수저,,1,,,,,,,
세리머니,,1,,,,,,,
떠들다,,1,,,,,,,
제주,,1,,,,,,,
예술,,1,,,,,,,
수리,,1,,,,,,,
목이,,0.5,,,0.33,,,0.17,
원래,,0.19,0.19,,0.25,0.25,,,0.12
거지,,0.38,,0.25,,0.38,,,
sexy,,1,,,,,,,
재밌다,,0.43,0.57,,,,,,
깡,,1,,,,,,,
저음,,1,,,,,,,
배,,0.16,0.21,0.11,,0.26,0.16,0.11,
쏘다,,1,,,,,,,
날개,,0.38,,0.25,,,,,0.38
달다,,0.23,0.23,0.23,,0.15,,,0.15
hands,,1,,,,,,,
뜬구름,,1,,,,,,,
파,,0.5,,,,,,0.5,
넓다,,0.5,0.5,,,,,,
뛰놀다,,1,,,,,,,
가사,,0.13,0.43,0.09,0.09,0.26,,,
반짝이다,,1,,,,,,,
노,,0.38,,,,0.62,,,
죽이다,,0.3,,,,0.5,0.2,,
ay,,0.3,0.7,,,,,,
벌다,,,0.88,,,0.12,,,
성공,,,0.8,,,0.13,,,0.07
깨,,,1,,,,,,
자신,,,0.34,0.1,0.22,0.14,0.04,0.06,0.1
미래,,,0.54,0.21,,0.18,,,0.07
포기,,,1,,,,,,
way,,,0.73,,,0.27,,,
일어나다,,,0.69,0.31,,,,,
still,,,0.73,,,,,0.13,0.13
life,,,0.71,0.21,,,,0.07,
꿈꾸다,,,0.62,0.19,,,0.12,0.06,
independent,,,1,,,,,,
이루어지다,,,1,,,,,,
vvs,,,1,,,,,,
대하다,,,0.62,,,0.38,,,
기회,,,0.5,,0.19,0.19,,,0.12
배우다,,,0.62,0.15,,0.23,,,
욕심,,,0.42,,0.16,0.26,0.11,0.05,
의심,,,0.78,0.22,,,,,
top,,,1,,,,,,
청춘,,,0.64,0.36,,,,,
적다,,,0.64,,0.18,,0.18,,
현실,,,0.24,,0.17,0.14,0.17,0.03,0.24
바뀌다,,,0.6,,0.2,,,0.2,
태어나다,,,0.6,0.2,,,,0.1,0.1
어른,,,0.43,,,,,,0.57
상상,,,0.6,0.4,,,,,
see,,,0.86,,,,,0.14,
요즘,,,0.35,0.29,,0.18,0.18,,
올라가다,,,1,,,,,,
애,,,0.43,0.14,,0.21,0.14,0.07,
한계,,,0.86,,,,,,0.14
im,,,0.3,,,0.2,0.5,,
mr,,,0.6,,,,0.4,,
real,,,0.75,,,,,,0.25
never,,,0.45,,,0.36,0.18,,
실패,,,0.71,,,,0.14,,0.14
부리다,,,0.38,0.31,,0.23,,,0.08
game,,,1,,,,,,
욕,,,0.17,,,0.83,,,
awake,,,0.83,,,,,,0.17
gotta,,,1,,,,,,
젊음,,,1,,,,,,
바쁘다,,,0.25,0.2,,0.25,0.15,0.15,
열정,,,1,,,,,,
겪다,,,1,,,,,,
가두다,,,0.45,,,,0.09,0.09,0.36
star,,,1,,,,,,
자랑,,,1,,,,,,
man,,,1,,,,,,
차,,,1,,,,,,
젊다,,,0.71,0.29,,,,,
many,,,1,,,,,,
답,,,0.5,,,0.3,,0.2,
넘어지다,,,1,,,,,,
도전,,,1,,,,,,
탓,,,0.33,,,0.42,0.08,,0.17
young,,,1,,,,,,
잘살다,,,0.57,0.29,,,,0.14,
새끼,,,0.21,,,0.79,,,
선택,,,0.57,,,,,,0.43
바닥,,,1,,,,,,
give,,,1,,,,,,
정상,,,1,,,,,,
dreams,,,1,,,,,,
해내다,,,0.36,,0.55,,,,0.09
주변,,,0.57,,,0.43,,,
생기다,,,0.25,,0.38,0.25,,,0.12
가족,,,0.67,,,,,,0.33
희망,,,0.57,0.43,,,,,
쫓다,,,1,,,,,,
돌아오다,,,0.07,,0.13,0.06,0.19,0.52,0.04
사,,,0.67,0.33,,,,,
긍정,,,1,,,,,,
노력,,,0.29,,0.36,0.21,,0.14,
걸어가다,,,0.36,0.27,,,0.36,,
망하다,,,1,,,,,,
명예,,,1,,,,,,
fan,,,1,,,,,,
공연,,,1,,,,,,
떨다,,,0.57,,,,,,0.43
팬,,,1,,,,,,
승리,,,1,,,,,,
걸음,,,0.27,0.2,0.33,,0.2,,
아니야,,,0.29,,0.36,0.21,,0.14,
열대야,,,1,,,,,,
마이크,,,1,,,,,,
게임,,,1,,,,,,
부정,,,1,,,,,,
놓다,,,0.19,0.19,0.19,0.25,,,0.19
믿음,,,1,,,,,,
의미,,,0.12,0.08,,0.29,0.38,,0.12
땀,,,1,,,,,,
얻다,,,1,,,,,,
밝다,,,0.25,0.67,,,,0.08,
자신감,,,1,,,,,,
위험,,,1,,,,,,
주위,,,0.3,,,0.3,0.3,,0.1
두르다,,,1,,,,,,
bottom,,,1,,,,,,
world,,,1,,,,,,
남기다,,,0.09,,0.09,0.09,0.31,0.34,0.09
키우다,,,0.75,,,,0.25,,
부잣집,,,1,,,,,,
아들,,,0.5,0.5,,,,,
삼다,,,1,,,,,,
부모,,,1,,,,,,
different,,,1,,,,,,
주제,,,1,,,,,,
나라,,,0.6,,,,,,0.4
boi,,,1,,,,,,
부시다,,,0.5,,,0.5,,,
mad,,,1,,,,,,
미루다,,,0.75,,,,,0.25,
care,,,0.5,,,0.5,,,
싸움,,,0.43,,,0.57,,,
눕다,,,0.38,,,,0.62,,
서울시,,,1,,,,,,
확신,,,0.6,,,,,,0.4
부딪히다,,,1,,,,,,
키보드,,,1,,,,,,
yah,,,1,,,,,,
시대,,,1,,,,,,
TRUE,,,0.6,,,,,,0.4
백기,,,1,,,,,,
발전,,,1,,,,,,
괴롭다,,,0.23,,0.62,,,,0.15
밑,,,1,,,,,,
싫어하다,,,0.6,,0.4,,,,
변명,,,0.27,,,0.64,0.09,,
무시,,,1,,,,,,
금,,,1,,,,,,
늘다,,,0.75,,,,,0.25,
벽,,,1,,,,,,
뛰어넘다,,,1,,,,,,
새기다,,,0.33,,0.67,,,,
내려가다,,,0.6,0.4,,,,,
생,,,1,,,,,,
fame,,,1,,,,,,
예,,,0.23,0.54,,,0.23,,
위치,,,1,,,,,,
shout,,,1,,,,,,
비웃다,,,0.33,,,0.67,,,
나아가다,,,0.5,,,,,,0.5
따라오다,,,0.75,,,,,0.25,
pay,,,1,,,,,,
어렵다,,,0.23,,0.38,0.31,0.08,,
어둡다,,,0.15,,,,0.3,,0.55
시도,,,1,,,,,,
해보다,,,0.43,0.29,,0.29,,,
나이,,,0.6,,,,,,0.4
아이,,,0.5,0.5,,,,,
깨닫다,,,0.43,,,,0.29,0.29,
ready,,,1,,,,,,
신념,,,1,,,,,,
한국,,,1,,,,,,
패기,,,1,,,,,,
한숨,,,0.3,,0.5,,,0.2,
털다,,,0.38,,0.38,,,0.25,
air,,,1,,,,,,
인정,,,0.33,,,0.44,0.22,,
뜻,,,1,,,,,,
선생님,,,1,,,,,,
side,,,1,,,,,,
커서,,,1,,,,,,
무섭다,,,0.14,,0.1,0.1,0.1,,0.57
갈고,,,1,,,,,,
존,,,0.5,,,0.5,,,
working,,,1,,,,,,
경쟁,,,1,,,,,,
래퍼,,,1,,,,,,
쥐다,,,0.6,,,0.4,,,
세상사,,,1,,,,,,
법,,,0.27,0.18,0.27,,,,0.27
축복,,,0.43,0.57,,,,,
head,,,1,,,,,,
일으키다,,,1,,,,,,
달라지다,,,0.43,,,0.43,,0.14,
험하다,,,1,,,,,,
finally,,,1,,,,,,
가수,,,1,,,,,,
피어,,,1,,,,,,
부자,,,1,,,,,,
회사,,,1,,,,,,
cd,,,1,,,,,,
다짐,,,0.33,,0.33,,0.22,0.11,
헤치다,,,1,,,,,,
용기,,,0.5,,,,,,0.5
흔들리다,,,1,,,,,,
영매,,,1,,,,,,
upside,,,1,,,,,,
음,,,0.17,0.33,,,,0.5,
low,,,1,,,,,,
finger,,,1,,,,,,
lickin,,,1,,,,,,
happy,,,,1,,,,,
편하다,,,,0.64,,,0.07,0.07,0.21
커다랗다,,,,1,,,,,
행운,,,,1,,,,,
괜찮다,,,,0.19,0.47,0.14,0.06,0.06,0.08
things,,,,1,,,,,
앉다,,,,0.29,0.19,0.14,0.14,0.14,0.1
그대와 함께,,,,0.86,,,,0.14,
viva,,,,1,,,,,
어쩌다,,,,0.31,0.12,0.19,0.12,0.25,
창문,,,,0.83,,,,0.17,
날씨,,,,1,,,,,
건강,,,,1,,,,,
돌아가다,,,,0.11,0.13,0.18,0.21,0.37,
primavera,,,,1,,,,,
수많다,,,,0.27,0.33,,0.07,,0.33
밥,,,,1,,,,,
지하철,,,,1,,,,,
새,,,,1,,,,,
나아지다,,,,0.8,,,0.2,,
기쁨,,,,1,,,,,
가요,,,,0.31,0.54,,0.15,,
morning,,,,1,,,,,
껴안다,,,,1,,,,,
영화,,,,0.33,0.25,,0.33,0.08,
반갑다,,,,1,,,,,
웃어봐,,,,1,,,,,
차차,,,,1,,,,,
버스,,,,1,,,,,
좋아서,,,,0.6,0.4,,,,
어울리다,,,,1,,,,,
다시다,,,,0.14,0.41,0.36,,0.09,
아쉽다,,,,0.23,0.46,,0.31,,
anything,,,,1,,,,,
빌다,,,,0.3,0.4,0.3,,,
차갑다,,,,0.1,0.13,0.13,0.48,,0.16
풍경,,,,1,,,,,
기대,,,,0.3,0.3,,0.3,0.1,
발걸음,,,,1,,,,,
릴,,,,1,,,,,
이르다,,,,1,,,,,
창밖,,,,1,,,,,
냄새,,,,1,,,,,
okay,,,,0.5,,0.5,,,
살아오다,,,,0.6,,,0.4,,
holiday,,,,1,,,,,
problem,,,,1,,,,,
당장,,,,0.43,,0.57,,,
Fall In Love,1,,,1,,,,,
불어오다,,,,0.75,,,0.25,,
사진,,,,0.1,0.48,0.23,0.1,0.1,
긴장,,,,1,,,,,
풀다,,,,1,,,,,
평화,,,,1,,,,,
커피,,,,1,,,,,
ice,,,,1,,,,,
cream,,,,1,,,,,
맛있다,,,,1,,,,,
오랜만,,,,0.5,,,,,0.5
여유,,,,1,,,,,
둥글다,,,,1,,,,,
공기,,,,1,,,,,
편안,,,,0.33,,,0.33,0.33,
바람이 분다,,,,1,,,,,
빌어,,,,0.4,0.6,,,,
속삭임,,,,1,,,,,
주문,,,,1,,,,,
쓸데없다,,,,1,,,,,
gonna,,,,1,,,,,
끝없다,,,,1,,,,,
서툴다,,,,0.29,0.43,,,0.29,
강,,,,1,,,,,
똑같다,,,,0.13,,0.6,0.13,0.13,
흘리다,,,,0.07,0.74,0.11,,,0.07
후후,,,,1,,,,,
enjoy,,,,1,,,,,
하하하,,,,1,,,,,
슈퍼스타,,,,1,,,,,
계획,,,,1,,,,,
불안,,,,0.11,0.72,,,,0.17
매일,,,,0.33,0.5,,,,0.17
구겨지다,,,,1,,,,,
승강장,,,,1,,,,,
가도,,,,0.18,0.45,,0.18,0.18,
계단,,,,1,,,,,
밤하늘,,,,1,,,,,
일기,,,,1,,,,,
민트,,,,1,,,,,
젖다,,,,0.15,0.31,0.31,,0.23,
응석,,,,1,,,,,
딸,,,,1,,,,,
노랫소리,,,,1,,,,,
들려오다,,,,1,,,,,
동기,,,,1,,,,,
비다,,,,0.05,0.11,0.08,0.65,0.05,0.05
산책,,,,1,,,,,
어우러지다,,,,1,,,,,
학교,,,,1,,,,,
토,,,,1,,,,,
학,,,,1,,,,,
조카,,,,1,,,,,
live,,,,0.5,,,,,0.5
coming,,,,1,,,,,
유일한,,,,1,,,,,
일상,,,,0.67,,,,0.33,
찾아가다,,,,0.4,,,,0.6,
안전벨트,,,,1,,,,,
phone,,,,0.67,,,0.33,,
온종일,,,,0.67,,,0.33,,
가볍다,,,,0.5,,,,0.5,
만족,,,,1,,,,,
face,,,,0.33,,0.67,,,
겁,,,,0.06,,,0.03,,0.91
앞으로,,,,0.67,,,,0.33,
덕분,,,,0.67,,,0.33,,
창,,,,0.5,0.5,,,,
스치다,,,,0.09,0.18,,0.18,0.45,0.09
해진,,,,0.5,0.5,,,,
하면,,,,1,,,,,
feet,,,,1,,,,,
신비,,,,1,,,,,
위로,,,,0.15,0.62,,,0.23,
놓이다,,,,1,,,,,
세계,,,,1,,,,,
웃음꽃,,,,1,,,,,
녹이다,,,,1,,,,,
동전,,,,1,,,,,
소망,,,,0.29,,,0.43,,0.29
stay,,,,0.33,,,0.67,,
녹다,,,,0.22,0.44,,,,0.33
온기,,,,1,,,,,
paradise,,,,1,,,,,
천사,,,,1,,,,,
다치다,,,,0.4,0.6,,,,
퇴근,,,,1,,,,,
훗날,,,,0.5,,,,0.5,
새다,,,,1,,,,,
cake,,,,1,,,,,
이불,,,,1,,,,,
다이아몬드,,,,1,,,,,
닮다,,,,0.4,,,0.2,0.4,
이란,,,,0.25,0.38,0.38,,,
피어나다,,,,1,,,,,
고요한,,,,1,,,,,
안식처,,,,1,,,,,
그런지,,,,1,,,,,
산,,,,1,,,,,
소녀,,,,1,,,,,
chocolate,,,,1,,,,,
낙원,,,,1,,,,,
알아주다,,,,1,,,,,
예상,,,,1,,,,,
이별,,,,,0.8,,0.02,0.16,0.02
밉다,,,,,0.68,0.16,0.08,0.08,
상처,,,,,0.51,0.14,,0.19,0.16
애쓰다,,,,,0.74,,0.09,0.17,
돌아서다,,,,,0.74,,0.26,,
무너지다,,,,,0.58,0.21,,,0.21
견디다,,,,,0.5,,0.36,0.14,
미련,,,,,1,,,,
서럽다,,,,,1,,,,
잊히다,,,,,0.36,,0.16,0.28,0.2
텐,,,,,1,,,,
미워하다,,,,,0.8,,,0.2,
그리워,,,,,0.21,,0.12,0.61,0.06
찢다,,,,,0.7,0.3,,,
붙잡다,,,,,0.28,0.12,0.08,0.24,0.28
외면,,,,,0.58,,0.25,,0.17
한장,,,,,0.88,,0.12,,
힘겹다,,,,,0.78,,,0.22,
우울,,,,,1,,,,
이해,,,,,0.32,0.47,0.21,,
아무렇다,,,,,0.3,0.15,0.3,0.15,0.1
생각나다,,,,,0.46,,0.08,0.46,
떠오르다,,,,,0.6,,,0.4,
습관,,,,,0.43,0.43,0.07,0.07,
한참,,,,,0.55,,0.45,,
남이,,,,,1,,,,
흐리다,,,,,0.55,,,0.45,
괴롭히다,,,,,0.43,0.29,,0.21,0.07
sorry,,,,,1,,,,
침묵,,,,,1,,,,
라면,,,,,1,,,,
아파서,,,,,1,,,,
되돌리다,,,,,0.71,,,0.29,
부족,,,,,0.83,,,0.17,
닦다,,,,,0.71,,,,0.29
뒷모습,,,,,0.42,,0.33,0.25,
작아지다,,,,,1,,,,
군가,,,,,0.38,0.38,0.23,,
무겁다,,,,,1,,,,
맺히다,,,,,1,,,,
차오르다,,,,,0.5,,,0.38,0.12
사연,,,,,1,,,,
찢어지다,,,,,0.57,,,,0.43
한마디,,,,,0.4,0.6,,,
오늘밤,,,,,0.67,,0.33,,
가져가다,,,,,0.44,,0.11,0.44,
끌다,,,,,1,,,,
못나다,,,,,1,,,,
그립다,,,,,0.08,,0.08,0.85,
한쪽,,,,,1,,,,
찢기다,,,,,1,,,,
편지,,,,,0.8,,0.2,,
술잔,,,,,1,,,,
시련,,,,,1,,,,
조차,,,,,0.5,,0.25,,0.25
쓰러지다,,,,,1,,,,
고여,,,,,1,,,,
부서지다,,,,,0.67,,,,0.33
하루하루,,,,,0.5,,0.25,0.25,
굳다,,,,,0.4,,0.2,0.2,0.2
담배,,,,,0.44,0.56,,,
약하다,,,,,0.44,0.33,0.22,,
우산,,,,,1,,,,
버티다,,,,,0.8,,,0.2,
인지,,,,,1,,,,
종이,,,,,0.6,,,,0.4
피,,,,,0.3,0.7,,,
예감,,,,,0.75,,,0.25,
마르다,,,,,1,,,,
화가,,,,,0.5,0.5,,,
곤란,,,,,1,,,,
엎질러지다,,,,,1,,,,
비참,,,,,0.6,,,,0.4
무디다,,,,,0.27,,0.55,,0.18
이기,,,,,0.6,,0.4,,
알,,,,,1,,,,
달아나다,,,,,1,,,,
접다,,,,,1,,,,
너머,,,,,1,,,,
말투,,,,,0.75,,,0.25,
안나,,,,,1,,,,
저녁,,,,,0.5,,0.33,0.17,
작별,,,,,1,,,,
떠나지마,,,,,1,,,,
꺼내다,,,,,0.25,,,0.25,0.5
병,,,,,1,,,,
검다,,,,,0.5,,,,0.5
bad,,,,,0.27,0.73,,,
매달리다,,,,,1,,,,
그동안,,,,,0.75,,,0.25,
어지럽다,,,,,1,,,,
삼키다,,,,,0.75,,,0.25,
슬퍼하다,,,,,1,,,,
흔적,,,,,0.17,,,0.83,
서글프다,,,,,0.75,,,0.25,
밀리다,,,,,1,,,,
망가지다,,,,,1,,,,
아물다,,,,,1,,,,
미움,,,,,0.75,,,0.25,
벗어나다,,,,,0.38,0.62,,,
동안,,,,,0.6,,0.4,,
커지다,,,,,0.3,0.3,0.2,0.2,
푸다,,,,,1,,,,
빗물,,,,,1,,,,
깨지다,,,,,1,,,,
갈라놓다,,,,,1,,,,
쓰라리다,,,,,1,,,,
cry,,,,,1,,,,
여리다,,,,,1,,,,
모질다,,,,,1,,,,
잊어버리다,,,,,0.5,,,0.5,
겹다,,,,,0.6,,,0.4,
어긋나다,,,,,1,,,,
지겹다,,,,,0.27,0.36,0.27,0.09,
죄,,,,,0.6,,,0.4,
pick,,,,,1,,,,
rain,,,,,1,,,,
정도,,,,,0.33,0.67,,,
박히다,,,,,0.33,0.5,,0.17,
거짓말,,,,,0.04,0.81,0.06,0.02,0.06
내 여자,,,,,1,,,,
주저앉히다,,,,,1,,,,
뜸,,,,,1,,,,
들이다,,,,,1,,,,
방법,,,,,1,,,,
다리,,,,,0.5,,0.5,,
행동,,,,,0.4,0.6,,,
나쁘다,,,,,0.13,0.8,,0.07,
지나치다,,,,,0.4,,,0.6,
최선,,,,,1,,,,
건지,,,,,1,,,,
귓가,,,,,1,,,,
메이다,,,,,1,,,,
번호,,,,,0.67,,,0.33,
붉어지다,,,,,1,,,,
끝내다,,,,,0.67,,,,0.33
자연,,,,,1,,,,
바래다주다,,,,,1,,,,
거짓,,,,,0.29,0.71,,,
쌓다,,,,,1,,,,
정신,,,,,0.29,0.71,,,
부,,,,,1,,,,
어젯밤,,,,,0.4,0.6,,,
실감,,,,,1,,,,
노을,,,,,0.5,,,0.5,
장,,,,,1,,,,
베이,,,,,1,,,,
줄이다,,,,,1,,,,
저물다,,,,,1,,,,
다음날,,,,,1,,,,
이때,,,,,1,,,,
전화기,,,,,1,,,,
하,,,,,1,,,,
대다,,,,,0.29,,0.14,0.29,0.29
야속,,,,,1,,,,
마,,,,,1,,,,
원망,,,,,0.33,0.5,,0.17,
fuck,,,,,,1,,,
잘못,,,,,,0.76,0.12,,0.12
x,,,,,,1,,,
뻔하다,,,,,,1,,,
blind,,,,,,1,,,
악연,,,,,,1,,,
mouth,,,,,,1,,,
blah,,,,,,1,,,
비키다,,,,,,1,,,
hate,,,,,,0.75,,,0.25
대체,,,,,,1,,,
관심,,,,,,0.82,0.18,,
치우다,,,,,,1,,,
뱉다,,,,,,1,,,
증오,,,,,,0.73,,,0.27
더럽다,,,,,,1,,,
막히다,,,,,,1,,,
집다,,,,,,1,,,
shuts,,,,,,1,,,
미친개,,,,,,1,,,
끼,,,,,,1,,,
짓,,,,,,1,,,
남은,,,,,,0.39,0.39,0.11,0.11
자존심,,,,,,1,,,
마라,,,,,,1,,,
니들,,,,,,1,,,
병신,,,,,,1,,,
웃기다,,,,,,1,,,
구속,,,,,,1,,,
꼴,,,,,,1,,,
피곤,,,,,,0.86,,0.14,
집착,,,,,,1,,,
가짜,,,,,,1,,,
block,,,,,,1,,,
really,,,,,,1,,,
Hate You,,,,,,1,,,
내버리다,,,,,,0.75,0.25,,
까다,,,,,,0.62,,0.38,
dog,,,,,,1,,,
미친놈,,,,,,1,,,
상태,,,,,,1,,,
please,,,,,,0.42,,,0.58
화,,,,,,1,,,
속이다,,,,,,1,,,
빨아먹다,,,,,,1,,,
망치다,,,,,,1,,,
오해,,,,,,1,,,
귀찮다,,,,,,1,,,
갖다,,,,,,1,,,
실수,,,,,,0.71,,,0.29
상관없다,,,,,,0.83,,,0.17
말도,,,,,,1,,,
미친년,,,,,,1,,,
지껄이다,,,,,,1,,,
오빠,,,,,,1,,,
허락,,,,,,1,,,
닥치다,,,,,,1,,,
연락,,,,,,0.5,0.25,0.25,
넘기다,,,,,,1,,,
저주,,,,,,0.67,,,0.33
eah,,,,,,1,,,
스타,,,,,,1,,,
불편,,,,,,1,,,
역겹다,,,,,,1,,,
ugly,,,,,,1,,,
lovely,,,,,,1,,,
짓거리,,,,,,1,,,
박다,,,,,,1,,,
핑계,,,,,,1,,,
그만두다,,,,,,0.8,0.2,,
당하다,,,,,,1,,,
버릇,,,,,,1,,,
bitch,,,,,,1,,,
피해,,,,,,1,,,
빨다,,,,,,1,,,
아빠,,,,,,1,,,
풍기다,,,,,,1,,,
스타일,,,,,,0.8,,0.2,
우습다,,,,,,0.8,,0.2,
패배,,,,,,1,,,
쳐다보다,,,,,,1,,,
비교,,,,,,1,,,
밀어내다,,,,,,1,,,
완전,,,,,,1,,,
남편,,,,,,1,,,
악몽,,,,,,0.43,,,0.57
복수,,,,,,0.6,,,0.4
심하다,,,,,,1,,,
look,,,,,,1,,,
인,,,,,,1,,,
굴지,,,,,,1,,,
불행,,,,,,1,,,
그놈,,,,,,1,,,
빌어먹다,,,,,,1,,,
도움,,,,,,1,,,
깨물다,,,,,,0.75,,,0.25
정리,,,,,,1,,,
tv,,,,,,1,,,
사다,,,,,,1,,,
배로,,,,,,1,,,
신아,,,,,,1,,,
없어,,,,,,0.43,,0.57,
mosquito,,,,,,1,,,
대로,,,,,,1,,,
woah,,,,,,1,,,
reset,,,,,,1,,,
씹다,,,,,,1,,,
베어,,,,,,0.75,,0.25,
연예인,,,,,,1,,,
제자리,,,,,,1,,,
팔리다,,,,,,1,,,
친하다,,,,,,1,,,
어설프다,,,,,,1,,,
진리,,,,,,1,,,
verse,,,,,,1,,,
드라마,,,,,,1,,,
찌르다,,,,,,1,,,
오래전,,,,,,1,,,
뺏다,,,,,,1,,,
썩다,,,,,,1,,,
경고,,,,,,1,,,
싸우다,,,,,,0.75,,,0.25
지각,,,,,,1,,,
다물다,,,,,,1,,,
다투다,,,,,,0.6,,0.4,
aye,,,,,,1,,,
틀리다,,,,,,1,,,
님,,,,,,1,,,
밟다,,,,,,1,,,
재미없다,,,,,,1,,,
서두르다,,,,,,1,,,
두려움,,,,,,0.23,,,0.77
속다,,,,,,1,,,
남자들,,,,,,1,,,
예지,,,,,,1,,,
부끄럽다,,,,,,1,,,
바지,,,,,,1,,,
암,,,,,,1,,,
캐다,,,,,,1,,,
애기,,,,,,1,,,
글,,,,,,1,,,
lonely,,,,,,,1,,
외로움,,,,,,,0.83,0.08,0.08
dat,,,,,,,1,,
빈자리,,,,,,,1,,
ra,,,,,,,1,,
계절,,,,,,,0.5,0.5,
침대,,,,,,,1,,
타나,,,,,,,1,,
헤매다,,,,,,,0.45,,0.55
그림자,,,,,,,0.56,,0.44
falling,,,,,,,1,,
군인,,,,,,,1,,
wish,,,,,,,1,,
soldier,,,,,,,1,,
해도,,,,,,,1,,
영혼,,,,,,,0.5,,0.5
돌고,,,,,,,1,,
이예,,,,,,,1,,
home,,,,,,,1,,
흘러가다,,,,,,,0.38,0.25,0.38
도망치다,,,,,,,0.6,,0.4
방안,,,,,,,1,,
낯선,,,,,,,1,,
alone,,,,,,,0.38,,0.62
춥다,,,,,,,1,,
두지,,,,,,,1,,
의지,,,,,,,0.67,,0.33
달래다,,,,,,,1,,
ive,,,,,,,1,,
letters,,,,,,,1,,
thats,,,,,,,1,,
mail,,,,,,,1,,
forgotten,,,,,,,1,,
체온,,,,,,,1,,
낯설다,,,,,,,1,,
고독,,,,,,,1,,
돌이킬 수 없는,,,,,,,1,,
거닐다,,,,,,,0.67,0.33,
비틀거리다,,,,,,,1,,
레,,,,,,,1,,
소용없다,,,,,,,0.4,0.6,
잡히다,,,,,,,0.5,0.5,
worry,,,,,,,1,,
아쉬움,,,,,,,0.67,0.33,
골목길,,,,,,,0.5,,0.5
주저앉다,,,,,,,1,,
척,,,,,,,1,,
닫히다,,,,,,,1,,
메우다,,,,,,,1,,
낙엽,,,,,,,1,,
떠돌다,,,,,,,1,,
먼지,,,,,,,0.67,,0.33
걸어오다,,,,,,,1,,
눈길,,,,,,,1,,
돌아보다,,,,,,,0.67,0.33,
가야,,,,,,,1,,
gone,,,,,,,1,,
홀로,,,,,,,1,,
거란,,,,,,,1,,
갇히다,,,,,,,0.25,,0.75
허탈,,,,,,,1,,
지갑,,,,,,,1,,
파다,,,,,,,0.2,0.6,0.2
breathing,,,,,,,1,,
한구석,,,,,,,1,,
missing,,,,,,,0.33,0.67,
진,,,,,,,1,,
서성,,,,,,,1,,
짙다,,,,,,,0.33,,0.67
내뱉다,,,,,,,1,,
말버릇,,,,,,,1,,
징징대다,,,,,,,1,,
착각,,,,,,,1,,
짐,,,,,,,0.5,0.5,
버겁다,,,,,,,1,,
티,,,,,,,1,,
괴로움,,,,,,,1,,
나리,,,,,,,1,,
시네,,,,,,,1,,
허물,,,,,,,1,,
뒤척이다,,,,,,,1,,
맡,,,,,,,1,,
휘청거리다,,,,,,,1,,
가누다,,,,,,,1,,
wonder,,,,,,,1,,
failed,,,,,,,1,,
우편물,,,,,,,1,,
letter,,,,,,,1,,
could,,,,,,,1,,
someone,,,,,,,1,,
서성거리다,,,,,,,1,,
비가,,,,,,,1,,
밤길,,,,,,,1,,
한순간,,,,,,,1,,
요금,,,,,,,1,,
헛되다,,,,,,,1,,
시력,,,,,,,1,,
대지,,,,,,,1,,
낮,,,,,,,0.5,,0.5
슬리퍼,,,,,,,1,,
짝,,,,,,,1,,
발끝,,,,,,,1,,
겁먹다,,,,,,,,,1
떼,,,,,,,1,,
별도,,,,,,,1,,
다툼,,,,,,,0.5,0.5,
하지,,,,,,,1,,
화도,,,,,,,1,,
마디,,,,,,,1,,
장바구니,,,,,,,1,,
밑바닥,,,,,,,1,,
무지,,,,,,,1,,
꼴사납다,,,,,,,1,,
식탁,,,,,,,1,,
찬장,,,,,,,1,,
자작,,,,,,,1,,
사과,,,,,,,1,,
잔상,,,,,,,1,,
시추,,,,,,,1,,
반,,,,,,,1,,
화초,,,,,,,1,,
그리움,,,,,,,,1,
세월,,,,,,,,1,
그리워하다,,,,,,,,1,
그대에게,,,,,,,,1,
시절,,,,,,,,1,
가을,,,,,,,,1,
앓다,,,,,,,,1,
드리우다,,,,,,,,1,
far,,,,,,,,1,
그날들,,,,,,,,1,
돌이키다,,,,,,,,1,
하나로,,,,,,,,1,
순,,,,,,,,1,
닫다,,,,,,,,0.5,0.5
서성이다,,,,,,,,1,
Stay by my side,,,,,,,,1,
짙은,,,,,,,,0.4,0.6
안쓰럽다,,,,,,,,1,
쓰디쓰다,,,,,,,,1,
반대,,,,,,,,1,
보고,,,,,,,,1,
난,,,,,,,,1,
가시,,,,,,,,0.29,0.71
누르다,,,,,,,,1,
소식,,,,,,,,1,
서면역,,,,,,,,1,
카페,,,,,,,,1,
골목,,,,,,,,1,
한번,,,,,,,,1,
굿바이,,,,,,,,1,
데이,,,,,,,,1,
이여,,,,,,,,1,
그리움만 쌓이네,,,,,,,,1,
책임지다,,,,,,,,1,
되뇌다,,,,,,,,1,
사랑하니까,,,,,,,,1,
고향,,,,,,,,1,
갈다,,,,,,,,1,
흩어지다,,,,,,,,1,
마주치다,,,,,,,,1,
허공,,,,,,,,0.5,0.5
되돌아보다,,,,,,,,1,
준거,,,,,,,,1,
내 마음 속에,,,,,,,,1,
잠시,,,,,,,,1,
기억력,,,,,,,,1,
관하다,,,,,,,,1,
list,,,,,,,,1,
찬바람,,,,,,,,1,
하나,,,,,,,,1,
켜다,,,,,,,,1,
조용한 방,,,,,,,,1,
조심,,,,,,,,1,
darling,,,,,,,,1,
걷히다,,,,,,,,1,
아리다,,,,,,,,1,
갈리다,,,,,,,,1,
살수,,,,,,,,1,
비하다,,,,,,,,1,
덧칠,,,,,,,,1,
겉치레,,,,,,,,1,
무심,,,,,,,,1,
갈기다,,,,,,,,1,
흔들리지마,,,,,,,,1,
놓아주다,,,,,,,,1,
뒤늦다,,,,,,,,1,
지난날,,,,,,,,1,
잔소리,,,,,,,,1,
투정,,,,,,,,1,
아파하다,,,,,,,,1,
보아주다,,,,,,,,1,
아무리 미워도,,,,,,,,1,
데려가다,,,,,,,,1,
만인,,,,,,,,1,
파고들다,,,,,,,,1,
반쪽,,,,,,,,1,
전화번호,,,,,,,,1,
담,,,,,,,,1,
한때,,,,,,,,1,
지하상가,,,,,,,,1,
전포,,,,,,,,1,
메다,,,,,,,,1,
모,,,,,,,,1,
자르다,,,,,,,,1,
사랑하는 사람아,,,,,,,,1,
네가 좋아,,,,,,,,1,
새벽녘,,,,,,,,1,
별수,,,,,,,,1,
올해,,,,,,,,1,
소홀,,,,,,,,1,
부수다,,,,,,,,1,
어리석다,,,,,,,,1,
줍다,,,,,,,,1,
떠나보내다,,,,,,,,1,
무언,,,,,,,,1,
가로,,,,,,,,1,
엉망,,,,,,,,1,
pray,,,,,,,,1,
incomplete,,,,,,,,1,
엔,,,,,,,,1,
감옥,,,,,,,,1,
헝클어지다,,,,,,,,1,
hope,,,,,,,,1,
someday,,,,,,,,1,
soon,,,,,,,,1,
옷차림,,,,,,,,1,
이준,,,,,,,,1,
후회하지 않아,,,,,,,,1,
울면,,,,,,,,1,
사인,,,,,,,,1,
숨결,,,,,,,,1,
좁다,,,,,,,,1,
겁나다,,,,,,,,,1
butterfly,,,,,,,,,1
save,,,,,,,,,1
self,,,,,,,,,1
jesus,,,,,,,,,1
주의,,,,,,,,,1
연애,,,,,,,,,1
방황,,,,,,,,,1
eyes,,,,,,,,,1
eh,,,,,,,,,1
wa,,,,,,,,,1
혼돈,,,,,,,,,1
antidote,,,,,,,,,1
dark,,,,,,,,,1
죽음,,,,,,,,,1
양심,,,,,,,,,1
정답,,,,,,,,,1
악,,,,,,,,,1
선,,,,,,,,,1
인도,,,,,,,,,1
알리다,,,,,,,,,1
글씨,,,,,,,,,1
삼촌,,,,,,,,,1
issue,,,,,,,,,1
숲,,,,,,,,,1
untrue,,,,,,,,,1
대면,,,,,,,,,1
조이다,,,,,,,,,1
덮다,,,,,,,,,1
걷잡다,,,,,,,,,1
몰아치다,,,,,,,,,1
놓아두다,,,,,,,,,1
덧,,,,,,,,,1
번지다,,,,,,,,,1
물어보다,,,,,,,,,1
돕다,,,,,,,,,1
깨부수다,,,,,,,,,1
공포,,,,,,,,,1
암흑,,,,,,,,,1
속죄,,,,,,,,,1
빛깔,,,,,,,,,1
죄악,,,,,,,,,1
벌,,,,,,,,,1
도리,,,,,,,,,1
인가,,,,,,,,,1
묻히다,,,,,,,,,1
만약,,,,,,,,,1
주소,,,,,,,,,1
빨리다,,,,,,,,,1
구걸,,,,,,,,,1
자체,,,,,,,,,1
rise,,,,,,,,,1
품다,,,,,,,,,1
방문,,,,,,,,,1
done,,,,,,,,,1
어린애,,,,,,,,,1
보채다,,,,,,,,,1
목숨,,,,,,,,,1
갈라지다,,,,,,,,,1
자라다,,,,,,,,,1
그사이,,,,,,,,,1
put,,,,,,,,,1
show,,,,,,,,,1
강박,,,,,,,,,1
질투,,,,,,,,,1
bu,,,,,,,,,1
메마르다,,,,,,,,,1
free,,,,,,,,,1
해변의 카프카,,,,,,,,,1
훔치다,,,,,,,,,1
나비효과,,,,,,,,,1
칠흑,,,,,,,,,1
믿기다,,,,,,,,,1
손짓,,,,,,,,,1
표류,,,,,,,,,1
증발,,,,,,,,,1
쓰다듬다,,,,,,,,,1
덫,,,,,,,,,1
거칠다,,,,,,,,,1
해지,,,,,,,,,1
tried,,,,,,,,,1
잠깐,,,,,,,,,1
veins,,,,,,,,,1
looking,,,,,,,,,1
퍼지다,,,,,,,,,1
더 지,,,,,,,,,1
독하게,,,,,,,,,1
숨쉬기,,,,,,,,,1
close,,,,,,,,,1
초점,,,,,,,,,1
넘어서다,,,,,,,,,1
독,,,,,,,,,1
begging,,,,,,,,,1
적막,,,,,,,,,1
talk,,,,,,,,,1
날카롭다,,,,,,,,,1
둘러싸다,,,,,,,,,1
외톨이,,,,,,,,,1
방향,,,,,,,,,1
감,,,,,,,,,1
상실,,,,,,,,,1
일밤,,,,,,,,,1
나타나다,,,,,,,,,1
얼다,,,,,,,,,1
자질,,,,,,,,,1
얼어붙다,,,,,,,,,1
시위,,,,,,,,,1
화살,,,,,,,,,1
hurricane,,,,,,,,,1
졸라매다,,,,,,,,,1
허리끈,,,,,,,,,1
몸부림,,,,,,,,,1
치료,,,,,,,,,1
조작,,,,,,,,,1
jack,,,,,,,,,1
sparrow,,,,,,,,,1
어떡하다,,,,,,,,,1
끄떡없다,,,,,,,,,1
머나멀다,,,,,,,,,1
과녁,,,,,,,,,1
aider,,,,,,,,,1
초가,,,,,,,,,1
베다,,,,,,,,,1
칼날,,,,,,,,,1
되돌아오다,,,,,,,,,1
더럽히다,,,,,,,,,1
dreamin,,,,,,,,,1
para,,,,,,,,,1
noia,,,,,,,,,1
monster,,,,,,,,,1
escape,,,,,,,,,1
턱,,,,,,,,,1
find,,,,,,,,,1
hide,,,,,,,,,1
demons,,,,,,,,,1
nightmares,,,,,,,,,1
insane,,,,,,,,,1
